"Status","Start Time","Stop Time","Duration in ms","Parent Suite","Suite","Sub Suite","Test Class","Test Method","Name","Description"
"passed","Wed Mar 01 18:10:22 GMT 2023","Wed Mar 01 18:10:26 GMT 2023","3294","","","","","","Place item priority",""
"passed","Wed Mar 01 18:14:58 GMT 2023","Wed Mar 01 18:15:02 GMT 2023","4258","","","","","","Update time zone succesfully",""
"passed","Wed Mar 01 18:09:33 GMT 2023","Wed Mar 01 18:09:38 GMT 2023","5142","","","","","","Postpone the Due Date of an item succesfully",""
"passed","Wed Mar 01 18:14:21 GMT 2023","Wed Mar 01 18:14:25 GMT 2023","3341","","","","","","Drang and drop inside another project",""
"passed","Wed Mar 01 18:14:25 GMT 2023","Wed Mar 01 18:14:28 GMT 2023","3203","","","","","","Change a project image",""
"passed","Wed Mar 01 18:10:26 GMT 2023","Wed Mar 01 18:10:30 GMT 2023","3346","","","","","","Place item priority",""
"passed","Wed Mar 01 18:09:45 GMT 2023","Wed Mar 01 18:09:50 GMT 2023","4998","","","","","","Postpone the Due Date of an item succesfully",""
"passed","Wed Mar 01 18:10:18 GMT 2023","Wed Mar 01 18:10:22 GMT 2023","3330","","","","","","Place item priority",""
"passed","Wed Mar 01 18:14:29 GMT 2023","Wed Mar 01 18:14:33 GMT 2023","3579","","","","","","Edit a project",""
"passed","Wed Mar 01 18:11:36 GMT 2023","Wed Mar 01 18:11:40 GMT 2023","3611","","","","","","Add a project below",""
"passed","Wed Mar 01 18:09:15 GMT 2023","Wed Mar 01 18:09:21 GMT 2023","6042","","","","","","Postpone the Due Date of an item succesfully",""
"passed","Wed Mar 01 18:10:11 GMT 2023","Wed Mar 01 18:10:14 GMT 2023","3041","","","","","","Checking and unchecking an Item in a Project successfully",""
"passed","Wed Mar 01 18:10:47 GMT 2023","Wed Mar 01 18:10:50 GMT 2023","2864","","","","","","View More Options Successfully",""
"passed","Wed Mar 01 18:09:27 GMT 2023","Wed Mar 01 18:09:33 GMT 2023","5146","","","","","","Postpone the Due Date of an item succesfully",""
"passed","Wed Mar 01 18:14:40 GMT 2023","Wed Mar 01 18:14:46 GMT 2023","5253","","","","","","Update email succesfully",""
"passed","Wed Mar 01 18:11:44 GMT 2023","Wed Mar 01 18:12:17 GMT 2023","33132","","","","","","Delete a project",""
"passed","Wed Mar 01 18:15:02 GMT 2023","Wed Mar 01 18:15:05 GMT 2023","2768","","","","","","Login into the site succesfully",""
"passed","Wed Mar 01 18:10:14 GMT 2023","Wed Mar 01 18:10:18 GMT 2023","3277","","","","","","Checking and unchecking an Item in a Project successfully",""
"passed","Wed Mar 01 18:10:43 GMT 2023","Wed Mar 01 18:10:47 GMT 2023","4145","","","","","","View Less Options Successfully",""
"passed","Wed Mar 01 18:09:51 GMT 2023","Wed Mar 01 18:09:55 GMT 2023","4278","","","","","","Update the Due Date of an item succesfully",""
"passed","Wed Mar 01 18:14:54 GMT 2023","Wed Mar 01 18:14:58 GMT 2023","3365","","","","","","View profile settings succesfully",""
"passed","Wed Mar 01 18:14:37 GMT 2023","Wed Mar 01 18:14:40 GMT 2023","3252","","","","","","View account settings succesfully",""
"passed","Wed Mar 01 18:09:39 GMT 2023","Wed Mar 01 18:09:44 GMT 2023","5234","","","","","","Postpone the Due Date of an item succesfully",""
"passed","Wed Mar 01 18:11:32 GMT 2023","Wed Mar 01 18:11:35 GMT 2023","3505","","","","","","Add a project above",""
"broken","Wed Mar 01 18:10:39 GMT 2023","Wed Mar 01 18:10:42 GMT 2023","3406","","","","","","Successfully addition of an item above or below an existing item",""
"passed","Wed Mar 01 18:09:56 GMT 2023","Wed Mar 01 18:10:00 GMT 2023","4256","","","","","","Update the Due Date of an item succesfully",""
"passed","Wed Mar 01 18:14:46 GMT 2023","Wed Mar 01 18:14:50 GMT 2023","4055","","","","","","Update full name succesfully",""
"passed","Wed Mar 01 18:10:06 GMT 2023","Wed Mar 01 18:10:10 GMT 2023","4203","","","","","","Update the Due Date of an item succesfully",""
"broken","Wed Mar 01 18:10:34 GMT 2023","Wed Mar 01 18:10:38 GMT 2023","3389","","","","","","Successfully addition of an item above or below an existing item",""
"passed","Wed Mar 01 18:14:50 GMT 2023","Wed Mar 01 18:14:54 GMT 2023","3607","","","","","","Update password succesfully",""
"passed","Wed Mar 01 18:15:05 GMT 2023","Wed Mar 01 18:15:08 GMT 2023","2998","","","","","","Logout off the site succesfully",""
"passed","Wed Mar 01 18:10:54 GMT 2023","Wed Mar 01 18:11:27 GMT 2023","33388","","","","","","Delete a pending item succesfully",""
"passed","Wed Mar 01 18:09:01 GMT 2023","Wed Mar 01 18:09:06 GMT 2023","5441","","","","","","Postpone the Due Date of an item succesfully",""
"passed","Wed Mar 01 18:14:33 GMT 2023","Wed Mar 01 18:14:37 GMT 2023","3962","","","","","","Empty the recycle bin succesfully",""
"passed","Wed Mar 01 18:09:07 GMT 2023","Wed Mar 01 18:09:13 GMT 2023","5712","","","","","","Postpone the Due Date of an item succesfully",""
"passed","Wed Mar 01 18:08:54 GMT 2023","Wed Mar 01 18:09:00 GMT 2023","5493","","","","","","Postpone the Due Date of an item succesfully",""
"failed","Wed Mar 01 18:12:17 GMT 2023","Wed Mar 01 18:14:20 GMT 2023","122769","","","","","","Drag and drop above another project",""
"broken","Wed Mar 01 18:10:50 GMT 2023","Wed Mar 01 18:10:53 GMT 2023","2699","","","","","","Create an Item Successfully",""
"broken","Wed Mar 01 18:11:28 GMT 2023","Wed Mar 01 18:11:31 GMT 2023","3382","","","","","","Update a name of an item succesfully",""
"passed","Wed Mar 01 18:11:40 GMT 2023","Wed Mar 01 18:11:43 GMT 2023","3025","","","","","","Create a new project",""
"passed","Wed Mar 01 18:08:47 GMT 2023","Wed Mar 01 18:08:54 GMT 2023","6469","","","","","","Postpone the Due Date of an item succesfully",""
"passed","Wed Mar 01 18:09:22 GMT 2023","Wed Mar 01 18:09:27 GMT 2023","4708","","","","","","Postpone the Due Date of an item succesfully",""
"passed","Wed Mar 01 18:10:01 GMT 2023","Wed Mar 01 18:10:05 GMT 2023","4248","","","","","","Update the Due Date of an item succesfully",""
"passed","Wed Mar 01 18:10:30 GMT 2023","Wed Mar 01 18:10:34 GMT 2023","3302","","","","","","Place item priority",""
